"Context","Source"
"APMAirframeComponent"," To change this configuration, select the desired frame class below and then reboot the vehicle."
"APMCameraSubComponent","Channel 15"
"APMCameraSubComponent","Channel 16"
"APMCameraSubComponent","Show all settings (advanced)"
"APMCameraSubComponent","Camera mount tilt speed:"
"APMFirmwarePlugin","Unable to pause vehicle."
"APMFirmwarePlugin","Vehicle does not support guided rotate"
"APMFirmwarePlugin","Unable to start takeoff: Vehicle is already in the air."
"APMFirmwarePlugin","Unable to start takeoff: Vehicle failed to change to Takeoff mode."
"APMFirmwarePlugin","Unable to start takeoff: Vehicle failed to arm."
"APMFlightModeIndicator","Return to Launch"
"APMFlightModeIndicator","Return At"
"APMFlightModeIndicator","Current alttiude"
"APMFlightModeIndicator","Specified altitude"
"APMFollowComponent","Follow Me"
"APMFollowComponentSummary","Follow Enabled"
"APMFollowComponentSummary","Follow System ID"
"APMFollowComponentSummary","Max Distance"
"APMFollowComponentSummary","Offset X"
"APMFollowComponentSummary","Offset Y"
"APMFollowComponentSummary","Offset Z"
"APMFollowComponentSummary","Offset Type"
"APMFollowComponentSummary","Altitude Type"
"APMFollowComponentSummary","Yaw Behavior"
"APMHeliComponent",""
"APMMainStatusIndicatorContentItem","Ground Control Comm Loss Failsafe"
"APMMainStatusIndicatorContentItem","Vehicle Action"
"APMMainStatusIndicatorContentItem","Loss Timeout"
"APMMainStatusIndicatorContentItem","Failsafe Options"
"APMPlaneMode","Manual"
"APMPlaneMode","Circle"
"APMPlaneMode","Stabilize"
"APMPlaneMode","Training"
"APMPlaneMode","Acro"
"APMPlaneMode","FBW A"
"APMPlaneMode","FBW B"
"APMPlaneMode","Cruise"
"APMPlaneMode","Autotune"
"APMPlaneMode","Auto"
"APMPlaneMode","RTL"
"APMPlaneMode","Loiter"
"APMPlaneMode","Takeoff"
"APMPlaneMode","Avoid ADSB"
"APMPlaneMode","Guided"
"APMPlaneMode","Initializing"
"APMPlaneMode","QuadPlane Stabilize"
"APMPlaneMode","QuadPlane Hover"
"APMPlaneMode","QuadPlane Loiter"
"APMPlaneMode","QuadPlane Land"
"APMPlaneMode","QuadPlane RTL"
"APMPlaneMode","QuadPlane AutoTune"
"APMPlaneMode","QuadPlane Acro"
"APMPlaneMode","Thermal"
"APMPlaneMode","Loiter to QLand"
"APMPlaneMode","Autoland"
"APMPowerComponent","Blue Robotics Power Sense Module"
"APMPowerComponent","Navigator w/ Blue Robotics Power Sense Module"
"APMRemoteSupportComponent","Host name:"
"APMRemoteSupportComponent","Connect"
"APMRemoteSupportComponent","Forwarding traffic: Mavlink traffic will keep being forwarded until application restarts"
"APMRemoteSupportComponent","Remote Support"
"APMRemoteSupportComponent","On this menu you can forward mavlink telemetry to an ardupilot support engineer."
"APMRoverMode","Manual"
"APMRoverMode","Acro"
"APMRoverMode","Learning"
"APMRoverMode","Steering"
"APMRoverMode","Hold"
"APMRoverMode","Loiter"
"APMRoverMode","Follow"
"APMRoverMode","Simple"
"APMRoverMode","Dock"
"APMRoverMode","Circle"
"APMRoverMode","Auto"
"APMRoverMode","RTL"
"APMRoverMode","Smart RTL"
"APMRoverMode","Guided"
"APMRoverMode","Initializing"
"APMSafetyComponent","Enabled"
"APMSafetyComponent","Maximum Altitude"
"APMSafetyComponent","Circle centered on Home"
"APMSafetyComponent","Inclusion/Exclusion Circles+Polygons"
"APMSafetyComponent","Breach action"
"APMSafetyComponent","Fence margin"
"APMSafetyComponentSub","Logic when Dry:"
"APMSafetyComponentSub","Power module not set up"
"APMSafetyComponentSub","Voltage:"
"APMSafetyComponentSub","Remaining Capacity:"
"APMSafetyComponentSub","Timeout:"
"APMSensorsComponent",", "
"APMSensorsComponent","Simple accelerometer calibration is less precise but allows calibrating without rotating the vehicle. Check this if you have a large/heavy vehicle."
"APMSensorsComponent","Magnetic Declination"
"APMSensorsComponent","Manual Magnetic Declination"
"APMSensorsComponent","Fast compass calibration given vehicle position and yaw. This "
"APMSensorsComponent","results in zero diagonal and off-diagonal elements, so is only "
"APMSensorsComponent","suitable for vehicles where the field is close to spherical. It is "
"APMSensorsComponent","useful for large vehicles where moving the vehicle to calibrate it "
"APMSensorsComponent","is difficult. Point the vehicle North before using it."
"APMSensorsComponent","Fast Calibration"
"APMSensorsComponent","Vehicle has no Valid positon, please provide it"
"APMSensorsComponent","Use GCS position instead"
"APMSensorsComponent","Use current map position instead"
"APMSensorsComponent","Lat: "
"APMSensorsComponent","Compass Motor Interference Calibration"
"APMSensorsComponentController","In progress"
"APMSensorsComponentSummary","Compasses:"
"APMSensorsComponentSummary","Accelerometer(s):"
"APMSensorsComponentSummary","Barometer(s):"
"APMSensorsComponentSummary","Not Supported(Over APM 4.1)"
"APMSubFrameComponent","Frame setup allows you to choose your vehicle's motor configuration. Install <b>clockwise</b><br>propellers on the <b>green thrusters</b> and <b>counter-clockwise</b> propellers on the <b>blue thrusters</b><br>(or vice-versa). The flight controller will need to be rebooted to apply changes.<br>When selecting a frame, you can choose to load the default parameter set for that frame configuration if available."
"APMSubFrameComponent","Frame selection"
"APMSubFrameComponent","Would you like to load the default parameters for the frame?"
"APMSubFrameComponent","Would you like to set the desired frame?"
"APMSubFrameComponent","Yes, Load default parameter set for %1"
"APMSubFrameComponent","No, set frame only"
"APMSubFrameComponent","Confirm frame %1"
"APMSubMode","Manual"
"APMSubMode","Stabilize"
"APMSubMode","Acro"
"APMSubMode","Depth Hold"
"APMSubMode","Auto"
"APMSubMode","Guided"
"APMSubMode","Circle"
"APMSubMode","Surface"
"APMSubMode","Position Hold"
"APMSubMode","Motor Detection"
"APMSubMode","Surftrak"
"APMSupportForwardingIndicator","Mavlink traffic is being forwarded to a support server"
"APMSupportForwardingIndicator","Server name:"
"APMTuningComponentCopter","Roll axis angle controller P gain"
"APMTuningComponentCopter","Roll axis rate controller P gain"
"APMTuningComponentCopter","Roll axis rate controller I gain"
"APMTuningComponentCopter","Roll axis rate controller D gain"
"APMTuningComponentCopter","Pitch axis angle controller P gain"
"APMTuningComponentCopter","Pitch axis rate controller P gain"
"APMTuningComponentCopter","Pitch axis rate controller I gain"
"APMTuningComponentCopter","Pitch axis rate controller D gain"
"APMTuningComponentCopter","Yaw axis angle controller P gain"
"APMTuningComponentCopter","Yaw axis rate controller P gain"
"APMTuningComponentCopter","Yaw axis rate controller I gain"
"ActuatorAction","Beep"
"ActuatorAction","3D mode: On"
"ActuatorAction","3D mode: Off"
"ActuatorAction","Set Spin Direction 1"
"ActuatorAction","Set Spin Direction 2"
"ActuatorActions::Action","Actuator action command failed"
"ActuatorComponent","Geometry"
"ActuatorComponent","Actuator Testing"
"ActuatorComponent","Configure some outputs in order to test them."
"ActuatorComponent","Careful: Actuator sliders are enabled"
"ActuatorComponent","Propellers are removed - Enable sliders"
"ActuatorComponent","Actuator Outputs"
"ActuatorComponent","One or more actuator still needs to be assigned to an output."
"ActuatorComponent","Identify & Assign Motors"
"ActuatorComponent","Motor Order Identification and Assignment"
"ActuatorComponent","Error"
"ActuatorComponent","Spin Motor Again"
"ActuatorComponent","Abort"
"ActuatorComponent","Actuators"
"ActuatorFact","(Param not available)"
"ActuatorTesting::ActuatorTest","All Motors"
"ActuatorTesting::ActuatorTest","Actuator test command temporarily rejected"
"ActuatorTesting::ActuatorTest","Actuator test command denied"
"ActuatorTesting::ActuatorTest","Actuator test command not supported"
"ActuatorTesting::ActuatorTest","Actuator test command failed"
"AirLinkConfiguration","AirLink Link Settings"
"AirLinkSettings","Login:"
"AirLinkSettings","Password:"
"AirLinkSettings","Don't have an account?"
"AirLinkSettings","Register"
"AirLinkSettings","List of available devices"
"AirLinkSettings","Refresh"
"AirLinkSettings","Click ""Refresh"" to authorize"
"AirframeComponent","Clicking 'Apply' will save the changes you have made to your airframe configuration.<br><br>                                                                        All vehicle parameters other than Radio Calibration will be reset.<br><br>                                                                        Your vehicle will also be restarted in order to complete the process."
"AirmapSettings",""
"AltModeDialog","Select Altitude Mode"
"AltModeDialog","Relative To Launch"
"AltModeDialog","Specified altitudes are relative to launch position height."
"AltModeDialog","AMSL"
"AltModeDialog","Specified altitudes are Above Mean Sea Level."
"AltModeDialog","Calculated Above Terrain"
"AltModeDialog","Specified altitudes are distance above terrain. Actual altitudes sent to vehicle are calculated from terrain data and sent as AMSL values."
"AltModeDialog","Terrain Frame"
"AltModeDialog","Specified altitudes are distance above terrain. The actual altitude flown is controlled by the vehicle either from terrain height maps being sent to vehicle or a distance sensor."
"AltModeDialog","Mixed Modes"
"AltModeDialog","The altitude mode can differ for each individual item."
"AppLogging","GStreamer Debug Level"
"AppLogging","Logging categories"
"AppLogging","Search:"
"AppLogging","Clear"
"AppLogging","Clear All"
"AppLogging","Log files (*.txt)"
"AppLogging","All Files (*)"
"AppLogging","Select log save file"
"AppLogging","Save App Log"
"AppLogging","Show Latest"
"AppLogging","Set Logging"
"AppSettings","CrashLogs"
"AppSettings","MavlinkActions"
"AppSettings","Save to SD card specified for application data. But no SD card present. Using internal storage."
"AppSettings","Save to SD card specified for application data. But SD card is write protected. Using internal storage."
"AppSettings"," (Partial)"
"AppSettings"," (Test Only)"
"AudioOutput","%1"
"Autotune","Autotune: In progress"
"Autotune","Autotune: initializing"
"Autotune","Autotune: roll"
"Autotune","Autotune: pitch"
"Autotune","Autotune: yaw"
"Autotune","Wait for disarm"
"Autotune","Land and disarm the vehicle in order to apply the parameters."
"Autotune","Autotune: in progress"
"Autotune","Autotune: Success"
"Autotune","Autotune successful."
"Autotune","Autotune: Unknown error"
"Autotune","Autotune: Failed"
"Autotune","Autotune: Ack error %1"
"Autotune","Autotune: Not performed"
"AutotuneUI","Start AutoTune"
"AutotuneUI","WARNING!        

The auto-tuning procedure should be executed with caution and requires the vehicle to fly stable enough before attempting the procedure!         

Before starting the auto-tuning process, make sure that:         
1. You have read the auto-tuning guide and have followed the preliminary steps         
2. The current control gains are good enough to stabilize the drone in presence of medium disturbances         
3. You are ready to abort the auto-tuning sequence by moving the RC sticks, if anything unexpected happens.         

Click Ok to start the auto-tuning process.
"
"BatteryIndicator","n/a"
"BatteryIndicator","Battery %1"
"BatteryIndicator","Status"
"BatteryIndicator","Remaining"
"BatteryIndicator","Consumed"
"BatteryIndicator","Function"
"BatteryIndicator","Battery Display"
"BatteryIndicator","Value"
"BatteryIndicator","Coloring"
"BatteryIndicator","Low"
"BatteryIndicator","Critical"
"BatteryIndicator","Vehicle Power"
"BatteryIndicator","Configure"
"BlankPlanCreator","Empty Plan"
"BluetoothLink","Link %1: (Device: %2) %3"
"BluetoothSettings","Device"
"BluetoothSettings","Address"
"BluetoothSettings","Bluetooth Devices"
"BluetoothWorker","Data to Send is Empty"
"BluetoothWorker","Socket is not connected"
"BluetoothWorker","Socket is not Writable"
"BluetoothWorker","Could Not Send Data - Write Failed: %1"
"BluetoothWorker","Could Not Send Data - Write Returned 0 Bytes"
"Bootloader","Unable to put radio into command mode +++"
"Bootloader","Radio did not respond to command mode"
"Bootloader","Radio did not respond to ATI2 command"
"Bootloader","Radio did not return board id"
"Bootloader","Unable to reboot radio (ready read)"
"Bootloader","Get Device: "
"CompInfoParam","Component %1"
"CompInfoParam","Internal Error: Parameter MetaData major must be 1"
"ComponentInformationTranslation","File open failed: file:error %1 %2"
"DebugWindow","Qt Platform:"
"DebugWindow","Font Point Size 10"
"DebugWindow","Default font width:"
"DebugWindow","Font Point Size 10.5"
"DebugWindow","Default font height:"
"DebugWindow","Font Point Size 11"
"DebugWindow","Default font pixel size:"
"DebugWindow","Font Point Size 11.5"
"DebugWindow","Default font point size:"
"DebugWindow","Font Point Size 12"
"DebugWindow","QML Screen Desktop:"
"DebugWindow","Font Point Size 12.5"
"DebugWindow","QML Screen Size:"
"DebugWindow","Font Point Size 13"
"DebugWindow","QML Pixel Density:"
"DebugWindow","Font Point Size 13.5"
"DebugWindow","QML Pixel Ratio:"
"DebugWindow","Font Point Size 14"
"DebugWindow","Default Point:"
"DebugWindow","Font Point Size 14.5"
"DebugWindow","Computed Font Height:"
"DebugWindow","Font Point Size 15"
"DebugWindow","Computed Screen Height:"
"DebugWindow","Font Point Size 15.5"
"DebugWindow","Computed Screen Width:"
"DebugWindow","Font Point Size 16"
"DebugWindow","Desktop Available Width:"
"DebugWindow","Font Point Size 16.5"
"DebugWindow","Desktop Available Height:"
"DebugWindow","Font Point Size 17"
"ESP8266ComponentSummary","AP Mode"
"ESP8266ComponentSummary","Station Mode"
"EditPositionDialog","Edit Position"
"EditPositionDialog","Coordinate System"
"EditPositionDialog","Geographic"
"EditPositionDialog","Universal Transverse Mercator"
"EditPositionDialog","Military Grid Reference"
"EditPositionDialog","Vehicle Position"
"EditPositionDialog","Set position"
"EditPositionDialog","Move"
"FTPManager","Invalid Nak format"
"FTPManager","errno %1"
"FTPManager","List directory failed"
"FWLandingPatternEditor","Flight Speed"
"FWLandingPatternEditor","Final approach"
"FWLandingPatternEditor","Use loiter to altitude"
"FWLandingPatternEditor","Distance"
"FWLandingPatternMapVisual","Approach"
"Fact","Reboot vehicle for changes to take effect."
"Fact","Restart application for changes to take effect."
"FactTextFieldSlider","Value: "
"Firmware Class","PX4 Pro"
"Firmware Class","ArduPilot"
"Firmware Class","Generic"
"FirmwareImage","Firmware file missing required key: %1"
"FirmwareUpgrade","%1 can upgrade the firmware on Pixhawk devices and SiK Radios."
"FirmwareUpgrade","Plug in your device"
"FirmwareUpgrade"," via USB to "
"FirmwareUpgrade","start"
"FirmwareUpgrade"," firmware upgrade."
"FirmwareUpgrade","If upgrade failed, make sure to connect "
"FirmwareUpgrade","directly"
"FirmwareUpgrade"," to a powered USB port on your computer, not through a USB hub. "
"FirmwareUpgrade","Also make sure you are only powered via USB "
"FirmwareUpgrade","not battery"
"FirmwareUpgrade"," disconnected "
"FirmwareUpgrade","prior to firmware upgrade."
"FirmwareUpgrade","Please unplug your Pixhawk and/or Radio from USB."
"FirmwareUpgrade","Either firmware list is still downloading, or no firmware is available for current selection."
"FirmwareUpgrade","You must choose a board type."
"FirmwareUpgrade","No firmware was found for the current selection."
"FirmwareUpgrade","Follow the forums actively when using it."
"FixedWingLandingComplexItem","Fixed Wing Landing"
"FlightModeIndicator","N/A"
"FlightModeIndicator","Some Modes Hidden"
"FlightModeIndicator","Edit Displayed Flight Modes"
"FlightModeIndicator","Flight Modes"
"FlightModeIndicator","Configure"
"FlightModeMenuIndicator","N/A"
"FlightModeMenuIndicator","RTL Altitude"
"FlightModeMenuIndicator","Land Descent Rate:"
"FlightModeMenuIndicator","Precision Landing"
"FlyViewAdditionalActionsButton","Actions"
"FlyViewMap","Go to location"
"FlyViewMap","Orbit at location"
"FlyViewMap","ROI at location"
"FlyViewMap","Set home here"
"FlyViewMap","Set Estimator Origin"
"FlyViewMap","Set Heading"
"FlyViewMap","Lat: %1"
"FlyViewMap","Lon: %1"
"FlyViewMap","Edit ROI Position"
"FlyViewMap","Cancel ROI"
"FlyViewMap","Edit Position"
"FlyViewPreFlightChecklistPopup","Pre-Flight Checklist"
"FlyViewSettings","<None>"
"FlyViewSettings","General"
"FlyViewSettings","Use Preflight Checklist"
"FlyViewSettings","Enforce Preflight Checklist"
"FlyViewSettings","Enable Multi-Vehicle Panel"
"FlyViewSettings","Keep Map Centered On Vehicle"
"FlyViewSettings","Show Telemetry Log Replay Status Bar"
"FlyViewSettings","Show simple camera controls (DIGICAM_CONTROL)"
"FlyViewSettings","Update return to home position based on device location."
"FlyViewSettings","Guided Commands"
"FlyViewSettings","Minimum Altitude"
"FlyViewSettings","Maximum Altitude"
"FlyViewSettings","Go To Location Max Distance"
"FlyViewSettings","Loiter Radius in Forward Flight Guided Mode"
"FlyViewSettings","Require Confirmation for Go To Location in Guided Mode"
"FlyViewSettings","MAVLink Actions"
"FlyViewSettings","Action JSON files should be created in the '%1' folder."
"FlyViewSettings","Fly View Actions"
"FlyViewSettings","Joystick Actions"
"FlyViewSettings","Virtual Joystick"
"FlyViewSettings","Enabled"
"FlyViewSettings","Auto-Center Throttle"
"FlyViewSettings","Left-Handed Mode (swap sticks)"
"FlyViewSettings","Instrument Panel"
"FlyViewSettings","Show additional heading indicators on Compass"
"FlyViewSettings","Lock Compass Nose-Up"
"FlyViewSettings","3D View"
"FlyViewSettings","3D Map File:"
"FlyViewSettings","Clear"
"FlyViewSettings","Select File"
"FlyViewSettings","OpenStreetMap files (*.osm)"
"FlyViewSettings","Select map file"
"FlyViewSettings","Average Building Level Height"
"FlyViewSettings","Vehicles Altitude Bias"
"FlyViewToolBar","Disconnect"
"FlyViewToolBar","Downloading"
"FlyViewToolBar","Click anywhere to hide"
"FlyViewToolStripActionList","3D View"
"FlyViewToolStripActionList","Fly"
"FlyViewTopRightPanel","Selected: "
"FlyViewTopRightPanel","Multi Vehicle Selection"
"FlyViewTopRightPanel","Select All"
"FlyViewTopRightPanel","Deselect All"
"FlyViewTopRightPanel","Multi Vehicle Actions"
"FlyViewTopRightPanel","Arm"
"FlyViewTopRightPanel","Disarm"
"FlyViewTopRightPanel","Start"
"FlyViewTopRightPanel","Pause"
"FlyViewVideo","Double-click to exit full screen"
"GCSControlIndicator","GCS "
"GCSControlIndicator"," is requesting control"
"GCSControlIndicator","Allow <br> takeover"
"GCSControlIndicator","Ignoring automatically in "
"GCSControlIndicator"," seconds"
"GCSControlIndicator","Ignore"
"GCSControlIndicator","Reverting back to takeover not allowed if GCS "
"GCSControlIndicator"," doesn't take control in "
"GCSControlIndicator"," seconds ..."
"GCSControlIndicator","System in control: "
"GCSControlIndicator","This GCS"
"GCSControlIndicator","Takeover allowed"
"GCSControlIndicator","Takeover NOT allowed"
"GCSControlIndicator","Send Control Request:"
"GCSControlIndicator","Change takeover condition:"
"GCSControlIndicator","Request sent: "
"GCSControlIndicator","Allow takeover"
"GCSControlIndicator","Adquire Control"
"GCSControlIndicator","Send Request"
"GCSControlIndicator","Request Timeout (sec):"
"GCSControlIndicator","Change"
"GCSControlIndicator","This GCS Mavlink System ID: "
"GPSIndicator","RTK"
"GPSIndicatorPage","N/A"
"GPSIndicatorPage","--.--"
"GPSIndicatorPage","Vehicle GPS Status"
"GPSIndicatorPage","Satellites"
"GPSIndicatorPage","GPS Lock"
"GPSIndicatorPage","HDOP"
"GPSIndicatorPage","VDOP"
"GPSIndicatorPage","Course Over Ground"
"GPSIndicatorPage","RTK GPS Status"
"GPSIndicatorPage","Survey-in Active"
"GPSIndicatorPage","RTK Streaming"
"GPSIndicatorPage","Duration"
"GPSIndicatorPage","Accuracy"
"GPSIndicatorPage","Current Accuracy"
"GPSIndicatorPage","RTK GPS Settings"
"GPSIndicatorPage","AutoConnect"
"GPSIndicatorPage","Survey-In"
"GPSIndicatorPage","Specify position"
"GPSIndicatorPage","Accuracy (u-blox only)"
"GPSIndicatorPage","Min Duration"
"GPSIndicatorPage","Current Base Position"
"GPSIndicatorPage","Save"
"GPSIndicatorPage","Not Yet Valid"
"GeneralSettings","General"
"GeneralSettings","Save application data to SD Card"
"GeneralSettings","<default location>"
"GeneralSettings","Reset Images"
"GeneralSettings","Reset"
"GeoTagController","Empty Filename."
"GeoTagController","Invalid Filename."
"GeoTagController","Invalid Directory."
"GeoTagController","Images have already been tagged. Existing images will be removed."
"GeoTagPage","Used to tag a set of images from a survey mission with gps coordinates. You must provide the binary log from the flight as well as the directory which contains the images to tag."
"GeoTagPage","All Files (*)"
"GeoTagPage","/TAGGED folder in your image folder"
"GeoTagPage","/TAGGED"
"GeoTagWorker","Geotagging failed. Couldn't open image: %1"
"GeoTagWorker","Geotagging failed. Couldn't extract time from image: %1"
"GeoTagWorker","Calibration failed: No triggers or images available."
"GeoTagWorker","Calibration failed: No matching triggers found for images."
"GeoTagWorker","Geotagging failed. Couldn't write to image: %1"
"GimbalIndicator","Gimbal "
"GimbalIndicator","<br> Controls"
"GimbalIndicator","Yaw <br> Follow"
"GimbalIndicator","Yaw <br> Lock"
"GimbalIndicator","Center"
"GimbalIndicator","Tilt 90"
"GimbalIndicator","Point <br> Home"
"GimbalIndicator","Retract"
"GimbalIndicator","Release <br> Control"
"GimbalIndicator","Acquire <br> Control"
"GimbalIndicator","Active <br> Gimbal: "
"GimbalIndicator","Select <br> Gimbal"
"GimbalIndicator","Settings"
"GimbalIndicator","Control type: "
"GimbalIndicator","Horizontal FOV"
"GimbalIndicator","Vertical FOV"
"GimbalIndicator","Max speed:"
"GimbalIndicator","Joystick buttons speed:"
"GimbalIndicator","Show gimbal Azimuth indicator in map"
"GimbalIndicator","Use Azimuth instead of local yaw on top toolbar indicator"
"GimbalIndicator","Show Acquire/Release control button"
"GimbalIndicator","Retracted"
"GimbalIndicator","Yaw locked"
"GimbalIndicator","Yaw follow"
"GimbalIndicator","P: "
"GimbalIndicator","Az: "
"GimbalIndicator","Y: "
"GuidedActionConfirm","Slide or hold spacebar"
"GuidedActionsController","Arm (MV)"
"GuidedActionsController","Disarm (MV)"
"GuidedActionsController","Force Arm"
"GuidedActionsController","Gripper Function"
"GuidedActionsController","Change Loiter Radius"
"GuidedActionsController","Change Max Ground Speed"
"GuidedActionsController","Change Airspeed"
"GuidedActionsController","Set Home"
"GuidedActionsController","Set Estimator origin"
"GuidedActionsController","Set Flight Mode"
"GuidedActionsController","Change Heading"
"GuidedActionsController","Arm selected vehicles."
"GuidedActionsController","WARNING: This will force arming of the vehicle bypassing any safety checks."
"GuidedActionsController","Disarm selected vehicles."
"GuidedActionsController","Grab or Release the cargo"
"GuidedActionsController","Takeoff from ground and start the current mission for selected vehicles."
"GuidedActionsController","Change the forward flight loiter radius."
"GuidedActionsController","Change the maximum horizontal cruise speed."
"GuidedActionsController","Change the equivalent airspeed setpoint."
"GuidedActionsController","Pause selected vehicles at their current position."
"GuidedActionsController","Set vehicle home as the specified location. This will affect Return to Home position"
"GuidedActionsController","Make the specified location the estimator origin."
"GuidedActionsController","Set the vehicle flight mode to %1"
"GuidedActionsController","Set the vehicle heading towards the specified location."
"GuidedActionsController","_activeVehicle(%1) _vehicleArmed(%2) guidedModeSupported(%3) _vehicleFlying(%4) _vehicleWasFlying(%5) _vehicleInRTLMode(%6) pauseVehicleSupported(%7) _vehiclePaused(%8) _flightMode(%9) _missionItemCount(%10) roiSupported(%11) orbitSupported(%12) _missionActive(%13) _hideROI(%14) _hideOrbit(%15)"
"GuidedActionsController","Height (rel)"
"GuidedActionsController","Airspeed"
"GuidedActionsController","Speed"
"GuidedActionsController","Alt (rel)"
"HeightIndicator","30 ft"
"HelpSettings","QGroundControl Discord Channel"
"InstrumentValueEditDialog","Valuec requires a connected vehicle for setup."
"InstrumentValueEditDialog","Telemetry Display"
"InstrumentValueEditDialog","Telemetry"
"InstrumentValueEditDialog","Group"
"InstrumentValueEditDialog","Value"
"InstrumentValueEditDialog","Change"
"InstrumentValueEditDialog","Value range"
"InstrumentValueEditDialog","Type"
"InstrumentValueValue","--.--"
"Joystick","Gimbal Yaw Lock"
"Joystick","Gimbal Yaw Follow"
"Joystick","Gripper Close"
"Joystick","Gripper Open"
"Joystick","Landing gear deploy"
"Joystick","Landing gear retract"
"Joystick","Motor Interlock enable"
"Joystick","Motor Interlock disable"
"JoystickConfig","Button Assignment"
"JoystickConfigButtons"," Multiple buttons that have the same action must be pressed simultaneously to invoke the action."
"JoystickConfigButtons","QGC functions do not support shift actions"
"JoystickConfigButtons","No firmware support"
"JoystickIndicator","Yes"
"JoystickIndicator","No"
"KML","File not found: %1"
"KML","Unable to open file: %1 error: $%2"
"KML","Unable to parse KML file: %1 error: %2 line: %3"
"KML","No supported type found in KML file."
"KML","Unable to find Polygon node in KML"
"KML","Internal error: Unable to find coordinates node in KML"
"KML","Unable to find LineString node in KML"
"KMLOrSHPFileDialog","Select File"
"LandingComplexItem","%1 does not support loading this complex mission item type: %2:%3"
"LandingComplexItem","Fixed Wing Landing Pattern: Setting the loiter and landing altitudes with different settings for altitude relative is no longer supported. Both have been set to relative altitude. Be sure to adjust/check your plan prior to flight."
"LinkInterface","Signing Failure"
"LinkInterface","Signing signature mismatch"
"LinkManager","Bluetooth"
"LinkManager","AirLink"
"LinkSettings","AutoConnect"
"LinkSettings","Pixhawk"
"LinkSettings","SiK Radio"
"LinkSettings","LibrePilot"
"LinkSettings","UDP"
"LinkSettings","Zero-Conf"
"LinkSettings","RTK"
"LinkSettings","NMEA GPS"
"LinkSettings","Device"
"LinkSettings","Disabled"
"LinkSettings","UDP Port"
"LinkSettings","Serial <none available>"
"LinkSettings","Baudrate"
"LinkSettings","NMEA stream UDP port"
"LinkSettings","Links"
"LinkSettings","Delete Link"
"LinkSettings","Are you sure you want to delete '%1'?"
"LinkSettings","Add New Link"
"LinkSettings","Edit Link"
"LinkSettings","Name"
"LinkSettings","Enter name"
"LinkSettings","Type"
"LinkSettings","Ground Station Connection"
"LinkSettings","Ground Station Name"
"LinkSettings","Server Address"
"LinkSettings","Server Port"
"LinkSettings","Manually create connection after change"
"LinkSettings","Confirm"
"LogDownloadPage","Log Download"
"LogDownloadPage","You must select at least one log file to download."
"LogReplayConfiguration","Log Replay Link Settings"
"LogReplayLink","Log Replay Link Error"
"LogReplayLink","Link: %1, %2."
"LogReplaySettings","Log File"
"LogReplaySettings","Select Telemetery Log"
"LogReplaySettings","Telemetry Logs (*.%1)"
"LogReplaySettings","All Files (*)"
"LogReplayStatusBar","Close"
"LogReplayWorker","You must close all connections prior to replaying a log."
"LogReplayWorker","Connect not allowed during Flight Data replay."
"LogReplayWorker","Unable to seek to new position"
"LogReplayWorker","Attempt to load new log while log being played"
"LogReplayWorker","Unable to open log file: '%1', error: %2"
"LogReplayWorker","The log file '%1' is corrupt or empty."
"MAVLink SYS_STATUS_SENSOR value","Gyro"
"MAVLink SYS_STATUS_SENSOR value","Accelerometer"
"MAVLink SYS_STATUS_SENSOR value","Magnetometer"
"MAVLink SYS_STATUS_SENSOR value","Absolute pressure"
"MAVLink SYS_STATUS_SENSOR value","Differential pressure"
"MAVLink SYS_STATUS_SENSOR value","GPS"
"MAVLink SYS_STATUS_SENSOR value","Optical flow"
"MAVLink SYS_STATUS_SENSOR value","Computer vision position"
"MAVLink SYS_STATUS_SENSOR value","Laser based position"
"MAVLink SYS_STATUS_SENSOR value","External ground truth"
"MAVLink SYS_STATUS_SENSOR value","Angular rate control"
"MAVLink SYS_STATUS_SENSOR value","Attitude stabilization"
"MAVLink SYS_STATUS_SENSOR value","Yaw position"
"MAVLink SYS_STATUS_SENSOR value","Z/altitude control"
"MAVLink SYS_STATUS_SENSOR value","X/Y position control"
"MAVLink SYS_STATUS_SENSOR value","Motor outputs / control"
"MAVLink SYS_STATUS_SENSOR value","RC receiver"
"MAVLink SYS_STATUS_SENSOR value","Gyro 2"
"MAVLink SYS_STATUS_SENSOR value","Accelerometer 2"
"MAVLink SYS_STATUS_SENSOR value","Magnetometer 2"
"MAVLink SYS_STATUS_SENSOR value","GeoFence"
"MAVLink SYS_STATUS_SENSOR value","AHRS"
"MAVLink SYS_STATUS_SENSOR value","Terrain"
"MAVLink SYS_STATUS_SENSOR value","Motors reversed"
"MAVLink SYS_STATUS_SENSOR value","Logging"
"MAVLink SYS_STATUS_SENSOR value","Battery"
"MAVLink SYS_STATUS_SENSOR value","Proximity"
"MAVLink SYS_STATUS_SENSOR value","Satellite Communication"
"MAVLink SYS_STATUS_SENSOR value","Pre-Arm Check"
"MAVLink SYS_STATUS_SENSOR value","Avoidance/collision prevention"
"MAVLink SYS_STATUS_SENSOR value","Propulsion"
"MAVLink unknown SYS_STATUS_SENSOR value","Unknown sensor"
"MAVLinkConsolePage","Provides a connection to the vehicle's system shell."
"MAVLinkConsolePage","Enter Commands here..."
"MAVLinkConsolePage","Send"
"MAVLinkInspectorController","System %1"
"MAVLinkInspectorPage","Actual Rate:"
"MAVLinkInspectorPage","Hz"
"MAVLinkInspectorPage","Set Rate:"
"MAVLinkInspectorPage","Disabled"
"MAVLinkInspectorPage","Default"
"MAVLinkInspectorPage","1Hz"
"MAVLinkInspectorPage","2Hz"
"MAVLinkInspectorPage","3Hz"
"MAVLinkInspectorPage","4Hz"
"MAVLinkInspectorPage","5Hz"
"MAVLinkInspectorPage","6Hz"
"MAVLinkInspectorPage","7Hz"
"MAVLinkInspectorPage","8Hz"
"MAVLinkInspectorPage","9Hz"
"MAVLinkInspectorPage","10Hz"
"MAVLinkInspectorPage","25Hz"
"MAVLinkInspectorPage","50Hz"
"MAVLinkInspectorPage","100Hz"
"MAVLinkProtocol","Unable to save telemetry log. Error copying telemetry to '%1': '%2'."
"MAVLinkProtocol","Unable to save telemetry log. Application save directory is not set."
"MAVLinkProtocol","Unable to save telemetry log. Telemetry save directory ""%1"" does not exist."
"MainStatusIndicator","Ready To Fly"
"MainStatusIndicator","Not Ready"
"MainStatusIndicator","Armed"
"MainStatusIndicator","Flying"
"MainStatusIndicator","Landing"
"MainStatusIndicator","FW(vtol)"
"MainStatusIndicator","MR(vtol)"
"MainStatusIndicator","Sensor Status"
"MainStatusIndicator","Disarm"
"MainStatusIndicator","Comms Lost"
"MainStatusIndicator","Disconnected - Click to manually connect"
"MainStatusIndicator","Force Arm"
"MainStatusIndicator","Arm"
"MainStatusIndicator","Vehicle Messages"
"MainStatusIndicator","Overall Status"
"MainStatusIndicator","Edit Parameter"
"MainStatusIndicator","Vehicle Parameters"
"MainStatusIndicator","Configure"
"MainStatusIndicator","Vehicle Configuration"
"MainStatusIndicator","Transition to Multi-Rotor"
"MainStatusIndicator","Transition to Fixed Wing"
"MainStatusIndicatorOfflinePage","Select Link to Connect"
"MainStatusIndicatorOfflinePage","No Links Configured"
"MainStatusIndicatorOfflinePage","Connected"
"MainStatusIndicatorOfflinePage","Communication Links"
"MainStatusIndicatorOfflinePage","Configure"
"MainStatusIndicatorOfflinePage","Comm Links"
"MainStatusIndicatorOfflinePage","AutoConnect"
"MainStatusIndicatorOfflinePage","Pixhawk"
"MainStatusIndicatorOfflinePage","SiK Radio"
"MainStatusIndicatorOfflinePage","LibrePilot"
"MainStatusIndicatorOfflinePage","UDP"
"MainStatusIndicatorOfflinePage","Zero-Conf"
"MainStatusIndicatorOfflinePage","RTK"
"MainWindow","Analyze Tools"
"MainWindow","Vehicle Configuration"
"MainWindow","Application Settings"
"MainWindow","Close %1"
"MainWindow","You have a mission edit in progress which has not been saved/sent. If you close you will lose changes. Are you sure you want to close?"
"MainWindow","You have pending parameter updates to a vehicle. If you close you will lose changes. Are you sure you want to close?"
"MainWindow","There are still active connections to vehicles. Are you sure you want to exit?"
"MainWindow","Debug Touch Areas"
"MainWindow","Touch Area display toggled"
"MainWindow","Advanced Mode"
"MainWindow","Turn off Advanced Mode?"
"MainWindow","Plan Flight"
"MainWindow","%1 Version"
"MainWindow","Exit"
"MainWindow","Vehicle Error"
"MainWindow","Additional errors received"
"MapSettings","Provider"
"MapSettings","Type"
"MapSettings","Elevation Provider"
"MapSettings","Offline Maps"
"MapSettings","Download map tiles for use when offline"
"MapSettings","Add New Set"
"MapSettings","Add"
"MapSettings","Import Map Tiles"
"MapSettings","Import"
"MapSettings","Export Map Tiles"
"MapSettings","Export"
"MapSettings","Exporting"
"MapSettings","Importing"
"MapSettings","Tokens"
"MapSettings","Allows access to additional providers"
"MapSettings","Mapbox"
"MapSettings","Esri"
"MapSettings","VWorld"
"MapSettings","Mapbox Login"
"MapSettings","Account"
"MapSettings","Map Style"
"MapSettings","Custom Map URL"
"MapSettings","URL with {x} {y} {z} or {zoom} substitutions"
"MapSettings","Server URL"
"MapSettings","Tile Cache"
"MapSettings","Tile Sets (*.%1)"
"MapSettings","Export Selected Tile Sets"
"MapSettings","Export Tiles"
"MapSettings","Import TileSets"
"MapSettings","Import Tiles"
"MapSettings","Append to existing sets"
"MapSettings","Replace existing sets"
"MapSettings","Error Message"
"MavlinkActionManager","Failed to load custom actions file: `%1` error: `%2`"
"MavlinkActionManager","Custom actions file - incorrect format: %1"
"MavlinkActionManager","Custom actions file - incorrect format: JsonValue not an object"
"MavlinkActionsSettings","Support for Fly View custom actions has changed. The location of the files has changed. You will need to setup up your settings again from Fly View Settings."
"MavlinkActionsSettings","Support for Joystick custom actions has changed. The format and location of the files has changed. New setting is available from Fly View Settings. File format is documented in user guide. Delete the %1 file to disable this warning"
"MissionCommandDialog","Select Mission Command"
"MissionSettingsEditor","All Altitudes"
"MissionSettingsEditor","Initial Waypoint Alt"
"MissionSettingsEditor","The following speed values are used to calculate total mission time. They do not affect the flight speed for the mission."
"MissionSettingsItem","Mission Start"
"Mixer::ChannelConfigInstanceVirtualAxis","Custom"
"Mixer::ChannelConfigInstanceVirtualAxis","Upwards"
"Mixer::ChannelConfigInstanceVirtualAxis","Downwards"
"Mixer::ChannelConfigInstanceVirtualAxis","Forwards"
"Mixer::ChannelConfigInstanceVirtualAxis","Backwards"
"Mixer::ChannelConfigInstanceVirtualAxis","Leftwards"
"Mixer::ChannelConfigInstanceVirtualAxis","Rightwards"
"Mixer::Mixers","Axis"
"MockLink","Send status text + voice"
"MockLink","PX4 Vehicle"
"MockLink","APM ArduCopter Vehicle"
"MockLink","APM ArduPlane Vehicle"
"MockLink","APM ArduSub Vehicle"
"MockLink","APM ArduRover Vehicle"
"MockLink","Generic Vehicle"
"MockLink","Stop One MockLink"
"MockLinkSettings","Send Status Text and Voice"
"MockLinkSettings","Increment Vehicle Id"
"MockLinkSettings","Firmware"
"MockLinkSettings","PX4 Pro"
"MockLinkSettings","ArduPilot"
"MockLinkSettings","Generic MAVLink"
"MockLinkSettings","Vehicle Type"
"MockLinkSettings","ArduCopter"
"MockLinkSettings","ArduPlane"
"MotorAssignment","<br />No motors are assigned yet.
By saying yes, all motors will be assigned to the first %1 channels of the selected output (%2)
 (you can also first assign all motors, then start the identification).<br />"
"MotorAssignment","<br />Motors are currently assigned to a different output.
By saying yes, all motors will be reassigned to the first %1 channels of the selected output (%2).<br />"
"MotorAssignment","Not all motors are assigned yet. Either clear all existing assignments or assign all motors to an output."
"MotorAssignment","This will automatically spin individual motors at 15% thrust.<br /><br />
<b>Warning: Only proceed if you removed all propellers</b>.<br />
%1
<br />
The procedure is as following:<br />
- After confirming, the first motor starts to spin for 0.5 seconds.<br />
- Then click on the motor that was spinning.<br />
- The above steps are repeated for all motors.<br />
- The motor output functions will automatically be reassigned by the selected order.<br />
<br />
Do you wish to proceed?"
"MotorAssignment","Actuator test command failed"
"MotorComponent","Throttle"
"MotorComponent","%"
"MotorComponent","Make sure you remove all props."
"MotorComponent","Stop"
"MotorComponent","Careful : Motors are enabled"
"MotorComponent","Propellers are removed - Enable slider and motors"
"MultiVehicleSelector","N/A"
"MultiVehicleSelector","Enable Multi-Vehicle Panel"
"OfflineMapEditor","System Wide Tile Cache"
"OfflineMapEditor","Zoom Levels:"
"OfflineMapEditor","Total:"
"OfflineMapEditor","Unique:"
"OfflineMapEditor","Downloaded:"
"OfflineMapEditor","Error Count:"
"OfflineMapEditor","Size:"
"OfflineMapEditor","Tile Count:"
"OfflineMapEditor","Resume Download"
"OfflineMapEditor","Cancel Download"
"OfflineMapEditor","Delete"
"OfflineMapEditor","Ok"
"OfflineMapEditor","Close"
"OfflineMapEditor","Cancel"
"OfflineMapEditor","Show zoom previews"
"OfflineMapEditor","Min Zoom: %1"
"OfflineMapEditor","Max Zoom: %1"
"OfflineMapEditor","Add New Set"
"OfflineMapEditor","Name:"
"OfflineMapEditor","Map type:"
"OfflineMapEditor","Fetch elevation data"
"OfflineMapEditor","Min/Max Zoom Levels"
"OfflineMapEditor","Est Size:"
"OfflineMapEditor","Too many tiles"
"OfflineMapEditor","Download"
"OfflineMapEditor","Error Message"
"OfflineMapEditor","Confirm Delete"
"OfflineMapEditor","This will delete all tiles INCLUDING the tile sets you have created yourself.

Is this really what you want?"
"OfflineMapEditor","Delete %1 and all its tiles.

Is this really what you want?"
"OfflineMapInfo","Edit"
"OpticalFlowSensor","Optical Flow Camera"
"PIDTuning","Select Tuning:"
"PIDTuning","sec"
"PIDTuning","Use auto-tuning"
"PIDTuning","Use manual tuning"
"PX4BatteryIndicator","Low Battery Failsafe"
"PX4BatteryIndicator","Vehicle Action"
"PX4BatteryIndicator","Warning Level"
"PX4BatteryIndicator","Critical Level"
"PX4BatteryIndicator","Emergency Level"
"PX4FirmwarePlugin","Unable to pause vehicle."
"PX4FirmwarePlugin","Vehicle does not support guided rotate"
"PX4FirmwarePlugin","Unable to start takeoff: Vehicle rejected arming."
"PX4FirmwarePlugin","Unable to start takeoff: Vehicle not changing to %1 flight mode."
"PX4FirmwareUpgradeThreadWorker","Rebooting board"
"PX4FlightBehavior","Flight Behavior"
"PX4FlightBehavior","Flight Behavior is used to configure flight characteristics."
"PX4FlightBehaviorCopter","Enable responsiveness slider (if enabled, acceleration limit parameters and others are automatically set)"
"PX4FlightBehaviorCopter","Responsiveness"
"PX4FlightBehaviorCopter","A higher value makes the vehicle react faster. Be aware that this affects braking as well, and a combination of slow responsiveness with high maximum velocity will lead to long braking distances."
"PX4FlightBehaviorCopter","Warning: a high responsiveness requires a vehicle with large thrust-to-weight ratio. The vehicle might lose altitude otherwise."
"PX4FlightBehaviorCopter","Enable horizontal velocity slider (if enabled, individual velocity limit parameters are automatically set)"
"PX4FlightBehaviorCopter","Horizontal velocity (m/s)"
"PX4FlightBehaviorCopter","Limit the horizonal velocity (applies to all modes)."
"PX4FlightBehaviorCopter","Enable vertical velocity slider (if enabled, individual velocity limit parameters are automatically set)"
"PX4FlightBehaviorCopter","Vertical velocity (m/s)"
"PX4FlightBehaviorCopter","Limit the vertical velocity (applies to all modes)."
"PX4FlightBehaviorCopter","Mission Turning Radius"
"PX4FlightBehaviorCopter","Increasing this leads to rounder turns in missions (corner cutting). Use the minimum value for accurate corner tracking."
"PX4FlightModeIndicator","RTL Altitude"
"PX4FlightModeIndicator","GeoFence"
"PX4FlightModeIndicator","Breach Action"
"PX4FlightModeIndicator","Max Distance"
"PX4FlightModeIndicator","Max Altitude"
"PX4LogTransferSettings","MAVLink Logging"
"PX4LogTransferSettings","Please enter an email address before uploading MAVLink log files."
"PX4LogTransferSettings","MAVLink 2.0 Logging (PX4 Pro Only)"
"PX4LogTransferSettings","Manual Start/Stop:"
"PX4LogTransferSettings","Start Logging"
"PX4LogTransferSettings","Stop Logging"
"PX4LogTransferSettings","Enable automatic logging"
"PX4LogTransferSettings","MAVLink 2.0 Log Uploads (PX4 Pro Only)"
"PX4LogTransferSettings","Email address for Log Upload:"
"PX4LogTransferSettings","Default Description:"
"PX4LogTransferSettings","Default Upload URL"
"PX4LogTransferSettings","Video URL:"
"PX4LogTransferSettings","Wind Speed:"
"PX4LogTransferSettings","Please Select"
"PX4LogTransferSettings","Calm"
"PX4LogTransferSettings","Breeze"
"PX4LogTransferSettings","Gale"
"PX4LogTransferSettings","Storm"
"PX4LogTransferSettings","Flight Rating:"
"PX4LogTransferSettings","Crashed (Pilot Error)"
"PX4LogTransferSettings","Crashed (Software or Hardware issue)"
"PX4LogTransferSettings","Unsatisfactory"
"PX4LogTransferSettings","Good"
"PX4LogTransferSettings","Great"
"PX4LogTransferSettings","Additional Feedback:"
"PX4LogTransferSettings","Make this log publicly available"
"PX4LogTransferSettings","Enable automatic log uploads"
"PX4LogTransferSettings","Delete log file after uploading"
"PX4LogTransferSettings","Saved Log Files"
"PX4LogTransferSettings","Uploaded"
"PX4LogTransferSettings","Check All"
"PX4LogTransferSettings","Check None"
"PX4LogTransferSettings","Delete Selected"
"PX4LogTransferSettings","Delete Selected Log Files"
"PX4LogTransferSettings","Confirm deleting selected log files?"
"PX4LogTransferSettings","Upload Selected"
"PX4LogTransferSettings","Upload Selected Log Files"
"PX4LogTransferSettings","Confirm uploading selected log files?"
"PX4LogTransferSettings","Cancel"
"PX4LogTransferSettings","Cancel Upload"
"PX4LogTransferSettings","Confirm canceling the upload process?"
"PX4MainStatusIndicatorContentItem","Ground Control Comm Loss Failsafe"
"PX4MainStatusIndicatorContentItem","Vehicle Action"
"PX4MainStatusIndicatorContentItem","Loss Timeout"
"PX4TuningComponent","PID Tuning"
"PX4TuningComponent","Tuning Setup is used to tune the flight controllers."
"PX4TuningComponentCopterAll","Rate Controller"
"PX4TuningComponentCopterAll","Attitude Controller"
"PX4TuningComponentCopterAll","Velocity Controller"
"PX4TuningComponentCopterAll","Position Controller"
"PX4TuningComponentCopterAttitude","Roll"
"PX4TuningComponentCopterAttitude","Proportional Gain (MC_ROLL_P)"
"PX4TuningComponentCopterAttitude","Increase for more responsiveness, reduce if the attitude overshoots."
"PX4TuningComponentCopterAttitude","Pitch"
"PX4TuningComponentCopterAttitude","Proportional Gain (MC_PITCH_P)"
"PX4TuningComponentCopterAttitude","Yaw"
"PX4TuningComponentCopterAttitude","Proportional Gain (MC_YAW_P)"
"PX4TuningComponentCopterAttitude","Increase for more responsiveness, reduce if the attitude overshoots (there is only a setpoint when yaw is fixed, i.e. when centering the stick)."
"PX4TuningComponentCopterPosition","Position control mode (set this to 'simple' during tuning):"
"PX4TuningComponentCopterPosition","Horizontal"
"PX4TuningComponentCopterPosition","Horizontal (Y direction, sidewards)"
"PX4TuningComponentCopterPosition","Proportional gain (MPC_XY_P)"
"PX4TuningComponentCopterPosition","Increase for more responsiveness, reduce if the position overshoots (there is only a setpoint when hovering, i.e. when centering the stick)."
"PX4TuningComponentCopterPosition","Vertical"
"PX4TuningComponentCopterPosition","Proportional gain (MPC_Z_P)"
"PX4TuningComponentCopterRate","Airmode (disable during tuning) <b><a href=""https://docs.px4.io/main/en/config_mc/pid_tuning_guide_multicopter.html#airmode-mixer-saturation"">?</a></b>"
"PX4TuningComponentCopterRate","Thrust curve <b><a href=""https://docs.px4.io/main/en/config_mc/pid_tuning_guide_multicopter.html#thrust-curve"">?</a></b>"
"PX4TuningComponentCopterRate","Rate"
"PX4TuningComponentCopterRate","deg/s"
"PX4TuningComponentCopterRate","Roll"
"PX4TuningComponentCopterRate","Overall Multiplier (MC_ROLLRATE_K)"
"PX4TuningComponentCopterRate","Multiplier for P, I and D gains: increase for more responsiveness, reduce if the rates overshoot (and increasing D does not help)."
"PX4TuningComponentCopterRate","Differential Gain (MC_ROLLRATE_D)"
"PX4TuningComponentCopterRate","Damping: increase to reduce overshoots and oscillations, but not higher than really needed."
"PX4TuningComponentCopterRate","Integral Gain (MC_ROLLRATE_I)"
"PX4TuningComponentCopterRate","Generally does not need much adjustment, reduce this when seeing slow oscillations."
"PX4TuningComponentCopterRate","Pitch"
"PX4TuningComponentCopterRate","Overall Multiplier (MC_PITCHRATE_K)"
"PX4TuningComponentCopterRate","Differential Gain (MC_PITCHRATE_D)"
"PX4TuningComponentCopterRate","Integral Gain (MC_PITCHRATE_I)"
"PX4TuningComponentCopterRate","Yaw"
"PX4TuningComponentCopterRate","Overall Multiplier (MC_YAWRATE_K)"
"PX4TuningComponentCopterRate","Integral Gain (MC_YAWRATE_I)"
"PX4TuningComponentCopterVelocity","Position control mode (set this to 'simple' during tuning):"
"PX4TuningComponentCopterVelocity","Horizontal"
"PX4TuningComponentCopterVelocity","Horizontal (Y direction, sidewards)"
"PX4TuningComponentCopterVelocity","Proportional gain (MPC_XY_VEL_P_ACC)"
"PX4TuningComponentCopterVelocity","Increase for more responsiveness, reduce if the velocity overshoots (and increasing D does not help)."
"PX4TuningComponentCopterVelocity","Integral gain (MPC_XY_VEL_I_ACC)"
"PX4TuningComponentCopterVelocity","Increase to reduce steady-state error (e.g. wind)"
"PX4TuningComponentCopterVelocity","Differential gain (MPC_XY_VEL_D_ACC)"
"PX4TuningComponentCopterVelocity","Damping: increase to reduce overshoots and oscillations, but not higher than really needed."
"PX4TuningComponentCopterVelocity","Vertical"
"PX4TuningComponentCopterVelocity","Proportional gain (MPC_Z_VEL_P_ACC)"
"PX4TuningComponentCopterVelocity","Integral gain (MPC_Z_VEL_I_ACC)"
"PX4TuningComponentCopterVelocity","Increase to reduce steady-state error"
"PX4TuningComponentCopterVelocity","Differential gain (MPC_Z_VEL_D_ACC)"
"PX4TuningComponentPlaneAll","Rate Controller"
"PX4TuningComponentPlaneAttitude","Roll"
"PX4TuningComponentPlaneAttitude","Time constant (FW_R_TC)"
"PX4TuningComponentPlaneAttitude","The latency between a roll step input and the achieved setpoint (inverse to a P gain)"
"PX4TuningComponentPlaneAttitude","Pitch"
"PX4TuningComponentPlaneAttitude","Time Constant (FW_P_TC)"
"PX4TuningComponentPlaneAttitude","The latency between a pitch step input and the achieved setpoint (inverse to a P gain)"
"PX4TuningComponentPlaneRate","Roll"
"PX4TuningComponentPlaneRate","Porportional gain (FW_RR_P)"
"PX4TuningComponentPlaneRate","Porportional gain."
"PX4TuningComponentPlaneRate","Differential Gain (FW_RR_D)"
"PX4TuningComponentPlaneRate","Damping: increase to reduce overshoots and oscillations, but not higher than really needed."
"PX4TuningComponentPlaneRate","Integral Gain (FW_RR_I)"
"PX4TuningComponentPlaneRate","Generally does not need much adjustment, reduce this when seeing slow oscillations."
"PX4TuningComponentPlaneRate","Feedforward Gain (FW_RR_FF)"
"PX4TuningComponentPlaneRate","Feedforward gused to compensate for aerodynamic damping."
"PX4TuningComponentPlaneRate","Pitch"
"PX4TuningComponentPlaneRate","Porportional Gain (FW_PR_P)"
"PX4TuningComponentPlaneRate","Porportional Gain."
"PX4TuningComponentPlaneRate","Differential Gain (FW_PR_D)"
"PX4TuningComponentPlaneRate","Integral Gain (FW_PR_I)"
"PX4TuningComponentPlaneRate","Feedforward Gain (FW_PR_FF)"
"PX4TuningComponentPlaneRate","Yaw"
"PX4TuningComponentPlaneRate","Porportional Gain (FW_YR_P)"
"PX4TuningComponentPlaneRate","Integral Gain (FW_YR_D)"
"PX4TuningComponentPlaneRate","Integral Gain (FW_YR_I)"
"PX4TuningComponentPlaneRate","Feedforward Gain (FW_YR_FF)"
"PX4TuningComponentPlaneRate","Roll control to yaw feedforward (FW_RLL_TO_YAW_FF)"
"PX4TuningComponentPlaneRate","Used to counteract the adverse yaw effect for fixed wings."
"PX4TuningComponentPlaneTECS","Altitude & Airspeed"
"PX4TuningComponentPlaneTECS","Height rate feed forward (FW_T_HRATE_FF)"
"PX4TuningComponentPlaneTECS","TODO"
"PX4TuningComponentVTOL","Multirotor"
"ParameterDiffDialog","Load Parameters"
"ParameterDiffDialog","The following parameters from the loaded file differ from what is currently set on the Vehicle. Click 'Ok' to update them on the Vehicle."
"ParameterDiffDialog","There are no differences between the file loaded and the current settings on the Vehicle."
"ParameterDiffDialog","Comp ID"
"ParameterDiffDialog","Name"
"ParameterDiffDialog","File"
"ParameterDiffDialog","Vehicle"
"ParameterDiffDialog","N/A"
"ParameterEditor","All Files (*)"
"ParameterEditor","Search"
"ParameterEditor","Select Reset to reset all parameters to their defaults.

Note that this will also completely reset everything, including UAVCAN nodes, all vehicle settings, setup and calibrations."
"ParameterEditor","Load from file for review..."
"ParameterEditorDialog","Reset To Default"
"ParameterEditorDialog","Value Editor"
"ParameterEditorDialog","Vehicle reboot required after change"
"ParameterEditorDialog","Application restart required after change"
"PhotoVideoControl","Camera Tracking"
"PhotoVideoControl","Free Space: "
"PhotoVideoControl","Zoom"
"PhotoVideoControl","Battery: "
"PhotoVideoControl","Settings"
"PhotoVideoControl","Camera"
"PhotoVideoControl","Video Stream"
"PhotoVideoControl","Thermal View Mode"
"PhotoVideoControl","Blend Opacity"
"PhotoVideoControl","Photo Mode"
"PhotoVideoControl","Photo Interval (seconds)"
"PhotoVideoControl","Video Grid Lines"
"PhotoVideoControl","Video Screen Fit"
"PhotoVideoControl","Reset Camera Defaults"
"PhotoVideoControl","Storage"
"PhotoVideoControl","Off"
"PhotoVideoControl","Blend"
"PhotoVideoControl","Full"
"PhotoVideoControl","Picture In Picture"
"PhotoVideoControl","Single"
"PhotoVideoControl","Time Lapse"
"PhotoVideoControl","Reset"
"PhotoVideoControl","Reset Camera to Factory Settings"
"PhotoVideoControl","Confirm resetting all settings?"
"PhotoVideoControl","Format"
"PhotoVideoControl","Format Camera Storage"
"PhotoVideoControl","Confirm erasing all files?"
"PlanMasterController","All Files (*)"
"PlanToolBarIndicators"," deg"
"PlanToolBarIndicators","N/A"
"PlanToolBarIndicators","Dist prev WP:"
"PlanView","Apply new altitude"
"PlanView","Plan View - Vehicle Disconnected"
"PlanView","Plan View - Vehicle Changed"
"PlanView","The vehicle associated with the plan in the Plan View is no longer available. What would you like to do with that plan?"
"PlanView","The plan being worked on in the Plan View is not from the current vehicle. What would you like to do with that plan?"
"PlanView","Discard Unsaved Changes"
"PlanView","Discard Unsaved Changes, Load New Plan From Vehicle"
"PlanView","Load New Plan From Vehicle"
"PlanView","Keep Current Plan"
"PlanView","Keep Current Plan, Don't Update From Vehicle"
"PlanView","This Plan was created for a different firmware or vehicle type than the firmware/vehicle type of vehicle you are uploading to. This can lead to errors or incorrect behavior. It is recommended to recreate the Plan for the correct firmware/vehicle type.

Click 'Ok' to upload the Plan anyway."
"PlanView","Send To Vehicle"
"PlanView","Current mission must be paused prior to uploading a new Plan"
"PlanView","Alt Land"
"PlanView","UTM-Adapter"
"PlanView","Powered by %1"
"PlanView","Plan overwrite"
"PlanViewSettings","Default Mission Altitude"
"PlanViewSettings","VTOL TransitionDistance"
"PlanViewSettings","Use MAV_CMD_CONDITION_GATE for pattern generation"
"PlanViewSettings","Missions do not require takeoff item"
"PlanViewSettings","Allow configuring multiple landing sequences"
"PlanViewToolBar","Exit Plan"
"PlanViewToolBar","Syncing Mission"
"PlanViewToolBar","Done"
"PlanViewToolBar","Click anywhere to hide"
"PowerComponent","ESC Calibration failed. "
"PowerComponent","Battery "
"PowerComponent","Source"
"PreFlightCheckList","(Passed)"
"PreFlightCheckList","In Progress"
"ProximityRadarValues","--.--"
"QGCApplication","There is a newer version of %1 available. You can download it from %2."
"QGCApplication","New Version Available"
"QGCCacheWorker","Database Not Initialized"
"QGCCompassWidget","L"
"QGCFileDownload","Unabled to find writable download location. Tried downloads and temp directory."
"QGCLogging","Unable to reopen log file %1: %2"
"QGCLogging","Open console log output file failed %1 : %2"
"QGCMAVLink","Generic micro air vehicle"
"QGCMAVLink","Fixed wing aircraft"
"QGCMAVLink","Quadrotor"
"QGCMAVLink","Coaxial helicopter"
"QGCMAVLink","Normal helicopter with tail rotor."
"QGCMAVLink","Ground installation"
"QGCMAVLink","Operator control unit / ground control station"
"QGCMAVLink","Airship, controlled"
"QGCMAVLink","Free balloon, uncontrolled"
"QGCMAVLink","Rocket"
"QGCMAVLink","Ground rover"
"QGCMAVLink","Surface vessel, boat, ship"
"QGCMAVLink","Submarine"
"QGCMAVLink","Hexarotor"
"QGCMAVLink","Octorotor"
"QGCMAVLink","trirotor"
"QGCMAVLink","Flapping wing"
"QGCMAVLink","Kite"
"QGCMAVLink","Onboard companion controller"
"QGCMAVLink","Two-rotor VTOL using control surfaces in vertical operation in addition. Tailsitter"
"QGCMAVLink","Quad-rotor VTOL using a V-shaped quad config in vertical operation. Tailsitter"
"QGCMAVLink","Tiltrotor VTOL"
"QGCMAVLink","VTOL Fixedrotor"
"QGCMAVLink","VTOL Tailsitter"
"QGCMAVLink","VTOL Tiltwing"
"QGCMAVLink","VTOL reserved 5"
"QGCMAVLink","Onboard gimbal"
"QGCMAVLink","Onboard ADSB peripheral"
"QGCMAVLinkSystem","Comp All"
"QGCMAVLinkSystem","Comp %1"
"QGCMapPolylineVisuals","Select Polyline File"
"QGCMapPolylineVisuals","Load KML/SHP..."
"QGCPopupDialog","Ok"
"QGCPopupDialog","Open"
"QGCPopupDialog","Save"
"QGCPopupDialog","Apply"
"QGCPopupDialog","Save All"
"QGCPopupDialog","Yes"
"QGCPopupDialog","Yes to All"
"QGCPopupDialog","Retry"
"QGCPopupDialog","Reset"
"QGCPopupDialog","Restore to Defaults"
"QGCPopupDialog","Ignore"
"QGCPopupDialog","Cancel"
"QGCPopupDialog","Close"
"QGCPopupDialog","No"
"QGCPopupDialog","No to All"
"QGCPopupDialog","Abort"
"QGeoFileTileCacheQGC","The Offline Map Cache database has been upgraded. Your old map cache sets have been reset."
"QGeoTiledMapReplyQGC","Unexpected Error"
"QGeoTiledMapReplyQGC","Empty Reply"
"QGeoTiledMapReplyQGC","Image is Empty"
"QGeoTiledMapReplyQGC","Bing Tile Above Zoom Level"
"QGeoTiledMapReplyQGC","Failed to Serialize Terrain Tile"
"QGeoTiledMapReplyQGC","Unknown Format"
"QGeoTiledMapReplyQGC","Invalid Reply"
"QGeoTiledMapReplyQGC","Invalid Cache Tile"
"QGeoTiledMapReplyQGC","Network Not Available"
"QGroundControlQmlGlobal","(AMSL)"
"QGroundControlQmlGlobal","(CalcT)"
"QGroundControlQmlGlobal","AMSL"
"QGroundControlQmlGlobal","Calc Above Terrain"
"QGroundControlQmlGlobal","Mixed Modes"
"QGroundControlQmlGlobal","(TerrF)"
"QGroundControlQmlGlobal","Relative To Launch"
"QGroundControlQmlGlobal","Terrain Frame"
"QObject","File open failed: file:error %1 %2"
"QObject","Unable to open file: '%1', error: %2"
"QObject","Unable to parse json file: %1 error: %2 offset: %3"
"QObject","Root of json file is not object: %1"
"QObject","Json file: '%1'. %2"
"QObject","You are running %1 as root. You should not do this since it will cause other issues with %1.%1 will now exit.<br/><br/>"
"QSerialPort","No error"
"QSerialPort","Device is already open"
"QSerialPort","Device is not open"
"QSerialPort","Operation timed out"
"QSerialPort","Error reading from device"
"QSerialPort","Error writing to device"
"QSerialPort","Device disappeared from the system"
"QSerialPort","Unsupported open mode"
"QSerialPort","Closing device failed"
"QSerialPort","Failed to start async read"
"QSerialPort","Failed to stop async read"
"QSerialPort","Timeout while waiting for ready read"
"QSerialPort","Timeout while waiting for bytes written"
"QSerialPort","Invalid data or size"
"QSerialPort","Failed to write data"
"QSerialPort","Failed to flush"
"QSerialPort","Failed to set DTR"
"QSerialPort","Failed to set RTS"
"QSerialPort","Failed to set parameters"
"QSerialPort","Invalid baud rate value"
"QSerialPort","Custom baud rate direction is unsupported"
"QSerialPort","Invalid Baud Rate"
"QSerialPort","Failed to set baud rate"
"QSerialPort","Failed to set data bits"
"QSerialPort","Failed to set parity"
"QSerialPort","Failed to set StopBits"
"QSerialPort","Failed to set Flow Control"
"QSerialPort","Failed to set Break Enabled"
"RCChannelMonitor","Not Mapped"
"RCChannelMonitor","Channel Monitor"
"RCRSSIIndicator","RSSI"
"RadioComponent","Click Ok to place your Spektrum receiver in the bind mode."
"RadioComponent","Select the specific receiver type below:"
"RadioComponent","CRSF Bind"
"RadioComponent","Click Ok to place your CRSF receiver in the bind mode."
"RadioComponent","Radio Not Ready"
"RadioComponent","Ready to calibrate."
"RadioComponent","Zero Trims"
"RemoteIDIndicatorPage","RemoteID Status"
"RemoteIDIndicatorPage","ARM STATUS"
"RemoteIDIndicatorPage","RID COMMS"
"RemoteIDIndicatorPage","NOT CONNECTED"
"RemoteIDIndicatorPage","GCS GPS"
"RemoteIDIndicatorPage","BASIC ID"
"RemoteIDIndicatorPage","OPERATOR ID"
"RemoteIDIndicatorPage","EMERGENCY HAS BEEN DECLARED, Press and Hold for 3 seconds to cancel"
"RemoteIDIndicatorPage","Press and Hold below button to declare emergency"
"RemoteIDIndicatorPage","Clear Emergency"
"RemoteIDIndicatorPage","EMERGENCY"
"RemoteIDIndicatorPage","Arm Status Error"
"RemoteIDIndicatorPage","Self ID"
"RemoteIDIndicatorPage","If an emergency is declared, Emergency Text will be broadcast even if Broadcast setting is not enabled."
"RemoteIDIndicatorPage","Broadcast"
"RemoteIDIndicatorPage","Broadcast Message"
"RemoteIDIndicatorPage","Remote ID"
"RemoteIDIndicatorPage","Configure"
"RemoteIDSettings","ARM STATUS"
"RemoteIDSettings","RID COMMS"
"RemoteIDSettings","NOT CONNECTED"
"RemoteIDSettings","GCS GPS"
"RemoteIDSettings","BASIC ID"
"RemoteIDSettings","OPERATOR ID"
"RemoteIDSettings","Arm Status Error"
"RemoteIDSettings","Basic ID"
"RemoteIDSettings","If Basic ID is already set on the RID device, this will be registered as Basic ID 2"
"RemoteIDSettings","Broadcast"
"RemoteIDSettings","If an emergency is declared, Emergency Text will be broadcast even if Broadcast setting is not enabled."
"RemoteIDSettings","Broadcast Message"
"RemoteIDSettings","GroundStation Location"
"RemoteIDSettings","EU Vehicle Info"
"RemoteIDSettings","Provide Information"
"RemoteIDSettings","NMEA External GPS Device"
"RemoteIDSettings","NMEA GPS Baudrate"
"RemoteIDSettings","NMEA stream UDP port"
"RemoteIDSettings","Operator ID"
"RemoteIDSettings","Broadcast%1"
"RemoteIDSettings"," (%1)"
"RemoteIDSettings","Invalid Operator ID"
"RemoteIDSettings","Self ID"
"SHP","File is not a .shp file: %1"
"SHP","File not found: %1"
"SHP","PRJ file open failed: %1"
"SHP","UTM projection is not in supported format. Must be PROJCS[""WGS_1984_UTM_Zone_##N/S"
"SHP","Only WGS84 or UTM projections are supported."
"SHP","SHPOpen failed."
"SHP","More than one entity found."
"SHP","No supported types found."
"SHP","File does not contain a polygon."
"SHP","Failed to read polygon object."
"SHP","Only single part polygons are supported."
"SHP","File does not contain a polyline."
"SHP","Failed to read polyline object."
"SHP","Only single part polylines are supported."
"SafetyComponent","Show obstacle distance overlay"
"SensorsComponentController","Reset successful"
"SensorsComponentController","Reset failed"
"SensorsSetup","For Compass calibration you will need to rotate your vehicle through a number of positions."
"SensorsSetup","For Gyroscope calibration you will need to place your vehicle on a surface and leave it still."
"SensorsSetup","For Accelerometer calibration you will need to place your vehicle on all six sides on a perfectly level surface and hold it still in each orientation for a few seconds."
"SensorsSetup","To level the horizon you need to place the vehicle in its level flight position and leave still."
"SensorsSetup","Autopilot Orientation"
"SensorsSetup","ROTATION_NONE indicates component points in direction of flight."
"SensorsSetup","Click Ok to start calibration."
"SensorsSetup","Reboot the vehicle prior to flight."
"SensorsSetup","Adjust orientations as needed.

ROTATION_NONE indicates component points in direction of flight."
"SensorsSetup","Mag %1 Orientation"
"SensorsSetup","Orientations"
"SensorsSetup","Factory reset"
"SerialLink","Serial Link Error"
"SerialLink","Link %1: (Port: %2) %3"
"SerialSettings","Serial Port"
"SerialSettings","None Available"
"SerialSettings","Baud Rate"
"SerialSettings","Advanced Settings"
"SerialSettings","Parity"
"SerialSettings","Data Bits"
"SerialSettings","Stop Bits"
"SerialWorker","Not connecting to a bootloader"
"SerialWorker","Could not open port: %1"
"SerialWorker","Data to Send is Empty"
"SerialWorker","Port is not Connected"
"SerialWorker","Port is not Writable"
"SerialWorker","Could Not Send Data - Write Failed: %1"
"SerialWorker","Could Not Send Data - Write Returned 0 Bytes"
"SettingsPagesModel","General"
"SettingsPagesModel","Fly View"
"SettingsPagesModel","Plan View"
"SettingsPagesModel","Video"
"SettingsPagesModel","Telemetry"
"SettingsPagesModel","ADSB Server"
"SettingsPagesModel","Comm Links"
"SettingsPagesModel","Maps"
"SettingsPagesModel","PX4 Log Transfer"
"SettingsPagesModel","Remote ID"
"SettingsPagesModel","Console"
"SettingsPagesModel","Help"
"SettingsPagesModel","Mock Link"
"SettingsPagesModel","Debug"
"SettingsPagesModel","Palette Test"
"SetupPage","%1 Config"
"SetupView","Optical Flow"
"SetupView","Buttons"
"ShapeFileHelper","Unsupported file type. Only .%1 and .%2 are supported."
"ShapeFileHelper","KML Files (*.%1)"
"ShapeFileHelper","KML/SHP Files (*.%1 *.%2)"
"SimpleItemEditor","Move '%1' %2 to the %3 location. %4"
"SimpleItemEditor","Transition Direction"
"SimpleItemEditor","Takeoff"
"SimpleItemEditor","Ensure distance from launch to transition direction is far enough to complete transition."
"SimpleItemEditor","Actual AMSL alt sent: %1 %2"
"SimpleMissionItem","Transition Direction"
"SimpleMissionItem","Loiter"
"SimulatedCameraControl","Time lapse capture not supported by this camera"
"StatusTextHandler","EMERGENCY"
"StatusTextHandler","ALERT"
"StatusTextHandler","Critical"
"StatusTextHandler","Error"
"StatusTextHandler","Warning"
"StatusTextHandler","Notice"
"StatusTextHandler","Info"
"StatusTextHandler","Debug"
"StatusTextHandler"," ... "
"SysStatusSensorInfo","Error"
"SysStatusSensorInfo","Normal"
"SysStatusSensorInfo","Disabled"
"SyslinkComponent","Address in hex. Default is E7E7E7E7E7."
"SyslinkComponent","Restore Defaults"
"TCPLink","TCP Link Error"
"TCPLink","Link %1: (Host: %2 Port: %3) %4"
"TCPWorker","Connection Failed: %1"
"TCPWorker","Data to Send is Empty"
"TCPWorker","Socket is not connected"
"TCPWorker","Could Not Send Data - Write Failed: %1"
"TCPWorker","Could Not Send Data - Write Returned 0 Bytes"
"TaisyncSettings",""
"TcpSettings","Server Address"
"TcpSettings","Port"
"TelemetryRSSIIndicator","dBm"
"TelemetrySettings","Not Connected"
"TelemetrySettings","Ground Station"
"TelemetrySettings","Emit heartbeat"
"TelemetrySettings","MAVLink System ID"
"TelemetrySettings","MAVLink 2 Signing"
"TelemetrySettings","Signing keys should only be sent to the vehicle over secure links."
"TelemetrySettings","Key"
"TelemetrySettings","Send to Vehicle"
"TelemetrySettings","Signing key has changed. Don't forget to send to Vehicle(s) if needed."
"TelemetrySettings","MAVLink Forwarding"
"TelemetrySettings","Enable"
"TelemetrySettings","Host name"
"TelemetrySettings","Logging"
"TelemetrySettings","Save log after each flight"
"TelemetrySettings","Save logs even if vehicle was not armed"
"TelemetrySettings","Save CSV log of telemetry data"
"TelemetrySettings","Stream Rates (ArduPilot Only)"
"TelemetrySettings","Controlled By vehicle"
"TelemetrySettings","Raw Sensors"
"TelemetrySettings","Extended Status"
"TelemetrySettings","RC Channels"
"TelemetrySettings","Position"
"TelemetrySettings","Extra 1"
"TelemetrySettings","Extra 2"
"TelemetrySettings","Extra 3"
"TelemetrySettings","Link Status (Current Vehicle))"
"TelemetrySettings","Total messages sent (computed)"
"TelemetrySettings","Total messages received"
"TelemetrySettings","Total message loss"
"TelemetrySettings","Loss rate:"
"TelemetrySettings","Signing:"
"ToolIndicatorPage","Waiting for parameters..."
"TransectStyleComplexItemEditor","Done"
"TransectStyleComplexItemEditor","WARNING: Photo interval is below minimum interval (%1 secs) supported by camera."
"TransectStyleComplexItemEditor","Altitude"
"TransectStyleComplexItemEditor","Trigger Dist"
"TransectStyleComplexItemEditor","Spacing"
"TransectStyleComplexItemEditor","Rotate Entry Point"
"TransectStyleComplexItemEditor","Statistics"
"TransectStyleComplexItemEditor","Presets"
"TransectStyleComplexItemEditor","Apply Preset"
"TransectStyleComplexItemEditor","Delete Preset"
"TransectStyleComplexItemEditor","Are you sure you want to delete '%1' preset?"
"TransectStyleComplexItemEditor","Save Settings As New Preset"
"TransectStyleComplexItemEditor","Save Preset"
"TransectStyleComplexItemEditor","Save the current settings as a named preset."
"TransectStyleComplexItemEditor","Preset Name"
"TransectStyleComplexItemEditor","Enter preset name"
"TransectStyleComplexItemEditor","Preset name cannot be blank."
"TransectStyleComplexItemEditor","Preset name cannot include the ""/"" character."
"TransectStyleComplexItemTerrainFollow","Tolerance"
"TransectStyleComplexItemTerrainFollow","Max Climb Rate"
"TransectStyleComplexItemTerrainFollow","Max Descent Rate"
"UDPLink","Link %1: %2"
"UDPWorker","Failed to bind UDP socket to port"
"UDPWorker","Could Not Send Data - Link is Disconnected!"
"UDPWorker","Could Not Read Data - Link is Disconnected!"
"UDPWorker","Could Not Read Data - No Data Available!"
"UDPWorker","Zeroconf Register Error: %1"
"UDPWorker","Error Registering Zeroconf: %1"
"UDPWorker","Invalid sockfd"
"UDPWorker","DNSServiceProcessResult Error: %1"
"UTMSPAdapterEditor","UTM Service Editor"
"UTMSPAdapterEditor","Enabled"
"UTMSPAdapterEditor","Disabled"
"UTMSPAdapterEditor","Logout"
"UTMSPAdapterEditor","User ID"
"UTMSPAdapterEditor","Password:"
"UTMSPAdapterEditor","Login"
"UTMSPAdapterEditor","Forgot Your Password?"
"UTMSPAdapterEditor","New User? Register Now"
"UTMSPAdapterEditor","Insert Geofence"
"UTMSPAdapterEditor","Min Altitude"
"UTMSPAdapterEditor","Max Altitude"
"UTMSPAdapterEditor","Date & Time"
"UTMSPAdapterEditor","Date"
"UTMSPAdapterEditor","Time"
"UTMSPAdapterEditor","Start Time"
"UTMSPAdapterEditor","End Time"
"UTMSPAdapterEditor","Mission Altitude"
"UTMSPAdapterEditor","Register Flight Plan"
"UTMSPAdapterEditor","Remove Flight Plan"
"UTMSPMapPolygonVisuals","Option"
"UTMSPMapPolygonVisuals","Click on the map to add vertices. Click 'Done Fencing' when finished."
"UTMSPMapPolygonVisuals","Remove vertex"
"UTMSPMapPolygonVisuals","Edit position..."
"UTMSPMapPolygonVisuals","Edit Center Position"
"UTMSPMapPolygonVisuals","Edit Vertex Position"
"UTMSPMapPolygonVisuals","Automatic"
"UTMSPMapPolygonVisuals","Done fencing"
"UTMSPMapPolygonVisuals","Mannual"
"UdpSettings","Note: For best perfomance, please disable AutoConnect to UDP devices on the General page."
"UdpSettings","Port"
"UdpSettings","Server Addresses (optional)"
"UdpSettings","Example: 127.0.0.1:14550"
"UdpSettings","Add Server"
"UnitsSettings","Feet"
"UnitsSettings","Meters"
"UnitsSettings","Horizontal Distance"
"UnitsSettings","Vertical Distance"
"UnitsSettings","SquareFeet"
"UnitsSettings","SquareMeters"
"UnitsSettings","SquareKilometers"
"UnitsSettings","Hectares"
"UnitsSettings","Acres"
"UnitsSettings","SquareMiles"
"UnitsSettings","Area"
"UnitsSettings","Knots"
"UnitsSettings","Speed"
"UnitsSettings","Celsius"
"UnitsSettings","Fahrenheit"
"UnitsSettings","Temperature"
"UnitsSettings","Grams"
"UnitsSettings","Kilograms"
"UnitsSettings","Ounces"
"UnitsSettings","Pounds"
"UnitsSettings","Weight"
"VTOLChecklist","Wind & weather"
"VTOLLandingComplexItem","VTOL Landing"
"VTOLLandingPatternEditor","Final approach"
"VTOLLandingPatternEditor","Use loiter to altitude"
"VTOLLandingPatternEditor","* Avoid tailwind on approach to land."
"VTOLLandingPatternEditor","* Ensure landing distance is enough to complete transition."
"VTOLLandingPatternMapVisual","Approach"
"Vehicle","battery %1 level low"
"Vehicle","battery %1 level is critical"
"Vehicle","battery %1 level emergency"
"Vehicle","battery %1 failed"
"Vehicle","battery %1 unhealthy"
"Vehicle","warning"
"Vehicle","Set Home failed, terrain data not available for selected coordinate"
"Vehicle","minimum altitude"
"Vehicle","maximum altitude"
"Vehicle","boundary"
"Vehicle","fence breached"
"Vehicle","Waiting for previous operator control request"
"Vehicle","No response to operator control request"
"Vehicle","Vehicle %1 "
"Vehicle","Vehicle reboot failed."
"Vehicle","Change Heading not supported by Vehicle."
"Vehicle","Unable to send command: %1."
"Vehicle","Internal error - MAV_COMP_ID_ALL not supported"
"Vehicle","Waiting on previous response to same command."
"Vehicle Class","Airship"
"Vehicle Class","Fixed Wing"
"Vehicle Class","Rover-Boat"
"Vehicle Class","Sub"
"Vehicle Class","Multi-Rotor"
"Vehicle Class","VTOL"
"Vehicle Class","Generic"
"Vehicle Class","Unknown"
"VehicleLinkManager","%1Communication regained on %2 link"
"VehicleLinkManager","primary"
"VehicleLinkManager","secondary"
"VehicleLinkManager","%1Communication regained"
"VehicleLinkManager","%1Switching communication to new primary link"
"VehicleLinkManager","%1Communication lost on %2 link."
"VehicleLinkManager","%1Switching communication to secondary link."
"VehicleLinkManager","%1Communication lost"
"VehicleLinkManager","Comm Lost"
"VehicleMessageList","No Messages"
"VehicleMessageList","Edit Parameter"
"VibrationPage","Analyze vibration associated with your vehicle."
"VibrationPage","X (%1)"
"VibrationPage","Y (%1)"
"VibrationPage","Z (%1)"
"VibrationPage","Accel 1: %1"
"VibrationPage","Accel 2: %1"
"VibrationPage","Accel 3: %1"
"VibrationPage","Clip count"
"VibrationPage","Not Available"
"VideoSettings","No Video Available"
"VideoSettings","Video Stream Disabled"
"VideoSettings","RTSP Video Stream"
"VideoSettings","UDP h.264 Video Stream"
"VideoSettings","UDP h.265 Video Stream"
"VideoSettings","TCP-MPEG2 Video Stream"
"VideoSettings","MPEG-TS Video Stream"
"VideoSettings","3DR Solo (requires restart)"
"VideoSettings","Parrot Discovery"
"VideoSettings","Yuneec Mantis G"
"VideoSettings","Herelink AirUnit"
"VideoSettings","Herelink Hotspot"
"VideoSettings","Video Source"
"VideoSettings","Mavlink camera stream is automatically configured"
"VideoSettings","Source"
"VideoSettings","Connection"
"VideoSettings","RTSP URL"
"VideoSettings","TCP URL"
"VideoSettings","UDP URL"
"VideoSettings","Settings"
"VideoSettings","Aspect Ratio"
"VideoSettings","Stop recording when disarmed"
"VideoSettings","Low Latency Mode"
"VideoSettings","Video decode priority"
"VideoSettings","Local Video Storage"
"VideoSettings","Record File Format"
"VideoSettings","Auto-Delete Saved Recordings"
"VideoSettings","Max Storage Usage"
"Viewer3DModel","Downloading Imageries: "
"Viewer3DProgressBar","Progress"
"Viewer3DVehicleItems","L"
"Viewer3DVehicleItems","T"
"Viewer3DVehicleItems","W"
"Viewer3DVehicleItems","R"
"Viewer3DVehicleItems","null"
"GeneralSettings1","General"
"GeneralSettings1","Language: Chinese "
"GeneralSettings1","Color Scheme"
"GeneralSettings1","Stream GCS Position"
"GeneralSettings1","Mute all audio output"
"GeneralSettings1","Android: Don't save to SD card"
"GeneralSettings1","Clear all settings on next start"
"GeneralSettings1","UI Scaling"
"GeneralSettings1","Application Load/Save Path"
"GeneralSettings1","<default location>"
"GeneralSettings1","Browse"
"GeneralSettings1","Choose the location to save/load files"
"GeneralSettings1","Units"
"GeneralSettings1","Horizontal Distance: m"
"GeneralSettings1","Vertical Distance: m"
"GeneralSettings1","Area: m²"
"GeneralSettings1","Temperature: °C"
"GeneralSettings1","Speed Unit"
"GeneralSettings1","Note: Distance/area/temperature are fixed to metric units; speed supports only m/s and km/h."
"GeneralSettings1","Brand Image"
"GeneralSettings1","Indoor Image"
"GeneralSettings1","Choose custom brand image file"
"GeneralSettings1","Outdoor Image"
"GeneralSettings1","Reset Images"
"GeneralSettings1","Reset"
"FlyViewSettings1","<None>"
"FlyViewSettings1","General"
"FlyViewSettings1","Use Preflight Checklist"
"FlyViewSettings1","Enforce Preflight Checklist"
"FlyViewSettings1","Enable Multi-Vehicle Panel"
"FlyViewSettings1","Keep Map Centered On Vehicle"
"FlyViewSettings1","Show Telemetry Log Replay Status Bar"
"FlyViewSettings1","Show simple camera controls (DIGICAM_CONTROL)"
"FlyViewSettings1","Update return to home position based on device location."
"FlyViewSettings1","Show Joystick Status in Toolbar"
"FlyViewSettings1","MAVLink Actions"
"FlyViewSettings1","Action JSON files should be created in the '%1' folder."
"FlyViewSettings1","Fly View Actions"
"FlyViewSettings1","Joystick Actions"
"FlyViewSettings1","Virtual Joystick"
"FlyViewSettings1","Enabled"
"FlyViewSettings1","Auto-Center Throttle"
"FlyViewSettings1","Left-Handed Mode (swap sticks)"
"FlyViewSettings1","Instrument Panel"
"FlyViewSettings1","Show additional heading indicators on Compass"
"FlyViewSettings1","Lock Compass Nose-Up"
"FlyViewSettings1","3D View"
"FlyViewSettings1","3D Map File:"
"FlyViewSettings1","Clear"
"FlyViewSettings1","Please select an OSM file"
"FlyViewSettings1","Select File"
"FlyViewSettings1","OpenStreetMap files (*.osm)"
"FlyViewSettings1","Select map file"
"FlyViewSettings1","Average Building Level Height"
"FlyViewSettings1","Vehicles Altitude Bias"
"PlanViewSettings1","Plan View"
"PlanViewSettings1","Default Mission Altitude"
"PlanViewSettings1","VTOL TransitionDistance"
"PlanViewSettings1","Use MAV_CMD_CONDITION_GATE for pattern generation"
"PlanViewSettings1","Missions do not require takeoff item"
"PlanViewSettings1","Allow configuring multiple landing sequences"
"VideoSettings1","Video Source"
"VideoSettings1","Mavlink camera stream is automatically configured"
"VideoSettings1","Source"
"VideoSettings1","Connection"
"VideoSettings1","RTSP URL"
"VideoSettings1","USV"
"VideoSettings1","Click to refresh..."
"VideoSettings1","No USVs online"
"VideoSettings1","Connection failed"
"VideoSettings1","Please configure ground station connection first"
"VideoSettings1","Parse failed"
"VideoSettings1","Refresh"
"VideoSettings1","TCP URL"
"VideoSettings1","UDP URL"
"VideoSettings1","Settings"
"VideoSettings1","Aspect Ratio"
"VideoSettings1","Stop recording when disarmed"
"VideoSettings1","Low Latency Mode"
"VideoSettings1","Force Video Decoder"
"VideoSettings1","Local Video Storage"
"VideoSettings1","Record File Format"
"VideoSettings1","Auto-Delete Saved Recordings"
"VideoSettings1","Max Storage Usage"
"MapSettingsSimplified","Custom Map URL"
"MapSettingsSimplified","Server URL"
"MapSettingsSimplified","Port"
"MapSettingsSimplified","Elevation Provider"
"MapSettingsSimplified","Offline Maps"
"MapSettingsSimplified","Download map tiles for use when offline"
"MapSettingsSimplified","Add New Set"
"MapSettingsSimplified","Add"
"MapSettingsSimplified","Import Map Tiles"
"MapSettingsSimplified","Import"
"MapSettingsSimplified","Export Map Tiles"
"MapSettingsSimplified","Export"
"MapSettingsSimplified","Exporting"
"MapSettingsSimplified","Importing"
"MapSettingsSimplified","Tile Cache"
"MapSettingsSimplified","Export Selected Tile Sets"
"MapSettingsSimplified","Export Tiles"
"MapSettingsSimplified","Import TileSets"
"MapSettingsSimplified","Import Tiles"
"MapSettingsSimplified","Append to existing sets"
"MapSettingsSimplified","Replace existing sets"
"MapSettingsSimplified","Error Message"
"NTRIPSettings1","NTRIP Manager not available"
"NTRIPSettings1","Disconnected"
"NTRIPSettings1","Connected"
"NTRIPSettings1","Connecting..."
"NTRIPSettings1","Connection failed: %1"
"NTRIPSettings1","RTK / NTRIP"
"NTRIPSettings1","Enable NTRIP/RTK"
"NTRIPSettings1","Connection status: %1"
"NTRIPSettings1","Server Address"
"NTRIPSettings1","Port"
"NTRIPSettings1","Username"
"NTRIPSettings1","Password"
"NTRIPSettings1","Mountpoint"
"NTRIPSettings1","Whitelist (IP/Device)"
"NTRIPSettings1","Use SPARTN (not supported yet)"
"PX4LogTransferSettings1","Log Record"
"PX4LogTransferSettings1","Please fill in the email address before uploading the log."
"PX4LogTransferSettings1","MAVLink 2.0 Log Record (PX4 only)"
"PX4LogTransferSettings1","Manual Start/Stop:"
"PX4LogTransferSettings1","Start Record"
"PX4LogTransferSettings1","Stop Record"
"PX4LogTransferSettings1","Enable auto record (when vehicle is armed)"
"PX4LogTransferSettings1","MAVLink 2.0 Log Upload (PX4 only)"
"PX4LogTransferSettings1","Upload Email:"
"PX4LogTransferSettings1","Default Description:"
"PX4LogTransferSettings1","Default Upload URL:"
"PX4LogTransferSettings1","Video URL:"
"PX4LogTransferSettings1","Wind:"
"PX4LogTransferSettings1","Please select"
"PX4LogTransferSettings1","No wind"
"PX4LogTransferSettings1","Breeze"
"PX4LogTransferSettings1","Strong wind"
"PX4LogTransferSettings1","Storm"
"PX4LogTransferSettings1","Flight Rating:"
"PX4LogTransferSettings1","Crash (pilot error)"
"PX4LogTransferSettings1","Crash (software/hardware failure)"
"PX4LogTransferSettings1","Unsatisfactory"
"PX4LogTransferSettings1","Good"
"PX4LogTransferSettings1","Great"
"PX4LogTransferSettings1","Feedback:"
"PX4LogTransferSettings1","Make this log public"
"PX4LogTransferSettings1","Enable auto upload"
"PX4LogTransferSettings1","Delete log file after upload"
"PX4LogTransferSettings1","Saved Log Files"
"PX4LogTransferSettings1","Uploaded"
"PX4LogTransferSettings1","Select All"
"PX4LogTransferSettings1","Select None"
"PX4LogTransferSettings1","Delete Selected"
"PX4LogTransferSettings1","Delete Log Files"
"PX4LogTransferSettings1","Are you sure you want to delete the selected log files?"
"PX4LogTransferSettings1","Upload Selected"
"PX4LogTransferSettings1","Upload Log Files"
"PX4LogTransferSettings1","Are you sure you want to upload the selected log files?"
"PX4LogTransferSettings1","Cancel Upload"
"PX4LogTransferSettings1","Are you sure you want to cancel the upload?"
"TelemetrySettings1","Not Connected"
"TelemetrySettings1","Ground Station"
"TelemetrySettings1","MAVLink System ID"
"TelemetrySettings1","Send Heartbeat"
"TelemetrySettings1","MAVLink 2 Signing"
"TelemetrySettings1","The signing key should only be sent to the vehicle over a secure link."
"TelemetrySettings1","Key"
"TelemetrySettings1","Send to Vehicle"
"TelemetrySettings1","Signing key has changed. Remember to send it to the vehicle for it to take effect."
"TelemetrySettings1","MAVLink Forwarding"
"TelemetrySettings1","Enable"
"TelemetrySettings1","Host Name / Address"
"TelemetrySettings1","Logging"
"TelemetrySettings1","Save log after each flight"
"TelemetrySettings1","Save logs even when vehicle is not armed"
"TelemetrySettings1","Save CSV telemetry log"
"TelemetrySettings1","Stream Rates (ArduPilot only)"
"TelemetrySettings1","Controlled by vehicle"
"TelemetrySettings1","Raw Sensors"
"TelemetrySettings1","Extended Status"
"TelemetrySettings1","RC Channels"
"TelemetrySettings1","Position"
"TelemetrySettings1","Extra 1"
"TelemetrySettings1","Extra 2"
"TelemetrySettings1","Extra 3"
"TelemetrySettings1","Link Status (Current Vehicle)"
"TelemetrySettings1","Total Messages Sent (estimated)"
"TelemetrySettings1","Total Messages Received"
"TelemetrySettings1","Total Messages Lost"
"TelemetrySettings1","Loss Rate:"
"TelemetrySettings1","Signing:"
"TelemetrySettings1","On"
"TelemetrySettings1","Off"
"HelpSettings1","QGroundControl User Guide"
"HelpSettings1","PX4 Users Forum"
"HelpSettings1","ArduPilot Users Forum"
"HelpSettings1","QGroundControl Discord Channel"
"MockLink1","Send status text + voice broadcast"
"MockLink1","Start Mock: PX4 Vehicle"
"MockLink1","Start Mock: ArduPilot Multirotor (ArduCopter)"
"MockLink1","Start Mock: ArduPilot Fixed Wing (ArduPlane)"
"MockLink1","Start Mock: Sub/Boat (ArduSub)"
"MockLink1","Start Mock: Ground/General (ArduRover)"
"MockLink1","Start Mock: Generic Vehicle"
"MockLink1","Stop one mock link"
"DebugWindow1","Qt Platform: "
"DebugWindow1","Size 10"
"DebugWindow1","Default Font Width: "
"DebugWindow1","Size 10.5"
"DebugWindow1","Default Font Height: "
"DebugWindow1","Size 11"
"DebugWindow1","Default Font Pixel Size: "
"DebugWindow1","Size 11.5"
"DebugWindow1","Default Font Point Size: "
"DebugWindow1","Size 12"
"DebugWindow1","QML Desktop Available Area: "
"DebugWindow1","Size 12.5"
"DebugWindow1","QML Screen Size: "
"DebugWindow1","Size 13"
"DebugWindow1","QML Pixel Density: "
"DebugWindow1","Size 13.5"
"DebugWindow1","QML Pixel Ratio: "
"DebugWindow1","Size 14"
"DebugWindow1","Default Point Size: "
"DebugWindow1","Size 14.5"
"DebugWindow1","Calculated Font Height: "
"DebugWindow1","Size 15"
"DebugWindow1","Calculated Screen Height: "
"DebugWindow1","Size 15.5"
"DebugWindow1","Calculated Screen Width: "
"DebugWindow1","Size 16"
"DebugWindow1","Desktop Available Width: "
"DebugWindow1","Size 16.5"
"DebugWindow1","Desktop Available Height: "
"DebugWindow1","Size 17"
"SelectViewDropdown","Water Quality"
"FlyViewCustomLayer","PH: "
"FlyViewCustomLayer","Water Temp: "
"FlyViewCustomLayer","Turbidity: "
"FlyViewCustomLayer","Conductivity: "
"WaterQualityOverlay","Select USV"
"WaterQualityOverlay","Click to refresh..."
"WaterQualityOverlay","Refresh"
"WaterQualityOverlay","Waiting for data..."
"WaterQualityOverlay","Disconnected"
"WaterQualityOverlay","No Boats"
"WaterQualityOverlay","Connection failed"
